restaurant_object_key,restaurant_name,country,city,address,latitude,longitude,state_or_province,restaurant_extraction_date,zip_or_postal_code,style,rating_value,review_count,phone,restaurant_proprietary_url,restaurant_url,menu_proprietary_url,takeout,alcohol_service,waiter_service,menu_source,restaurant_source,distance,app_filter,airport,catering_service,datetime_timestamp,owner_verification,price_range,cuisines,restaurant_type,source_restaurant_name,menu_last_updated_by_source,yelp_menu_provider,formatted_address
2253507,McDonald's,United States Of America,STERLING,"Pidgeon Hill Dr Sterling, Va",39.03808,-77.41404,VIRGINIA,2025-10-31,20165,Burgers,1.5,73,+1 703-421-8845,http://www.mcdonalds.com,http://www.mcdonalds.com,https://www.mcdonalds.com/us/en-us/full-menu.html?cid=PS:GCM_MOP:NB::Yelp:All,No,Yes,Yes,https://www.yelp.com/biz/mcdonalds-sterling-7,yelp,23.99119539985989,false,DCA,null,2025-11-03T07:02:20.896Z,null,$,"burgers, breakfast spot, coffee & tea, dining and drinking, fast food, american, restaurant, fast food restaurant",QSR,McDonald's,null,null,Pidgeon Hill Dr
1524692,Baskin-Robbins,United States Of America,GAITHERSBURG,Montogmery Village Ave,39.1727865,-77.20510949999999,MARYLAND,2025-10-31,20886,Ice Cream Parlor,4.713043478260871,62,+1 240-720-6717,https://www.baskinrobbins.com,https://www.baskinrobbins.com,null,Yes,Yes,Yes,https://www.ubereats.com/store/baskin-robbins-19316-montogmery-village-ave/3a3Qjck6QU6sZrDwAhMcUA,ubereats,23.885911979824293,false,DCA,null,2025-11-03T07:02:20.896Z,null,$,"ice cream parlor, desserts, dessert shop, dining and drinking, ice cream and frozen yogurt, comfort food",QSR,Baskin-Robbins,null,null,Montgomery Village Ave
857296,La Union,United States Of America,ARLINGTON,"5517 Wilson Blvd Arlington, Va",38.87667,-77.12808,VIRGINIA,2025-10-31,22205,South American,4.3,0,+1 703-522-0134,http://www.launionrestaurant.com,http://www.launionrestaurant.com,https://www.fastordernow.com/order/menu/launion?y_source=1_mjqzmty2mzatodywlwxvy2f0aw9ulm1lbnvfdxjs,No,No,Yes,https://www.opentable.com/r/la-union-arlington,opentable,5.160429844760559,true,DCA,null,2025-11-03T07:02:20.896Z,null,$$,"south american, new mexican, latin american, mexican, latin american restaurant, latin, central american, dining and drinking, spanish, salvadoran, mexican restaurant, restaurant, group friendly",Casual Dining,La Union,2025-10-09T00:00:00.000Z,null,5517 Wilson Blvd
2142421,Dangerously Delicious Pies,United States Of America,BALTIMORE,"2839 O'Donnell St Baltimore, Md",39.27998,-76.57555,MARYLAND,2025-10-31,21224,Diners,3.6,460,+1 410-522-7437,http://www.dangerouspiesbalt.com,http://www.dangerouspiesbalt.com,http://dangerouspies.com/home/?page_id=11,Yes,No,Yes,https://www.yelp.com/biz/dangerously-delicious-pies-baltimore,yelp,38.585958367431346,false,DCA,null,2025-11-03T07:02:20.896Z,null,$$,"diners, pie shop, desserts, dessert shop, dining and drinking, bakery, american, cafe",Casual Dining,Dangerously Delicious Pies,null,null,2839 O'Donnell St
1788319,Papa Johns Pizza,United States Of America,ALEXANDRIA,"4529 Duke St Alexandria, Va",38.81297,-77.110625,VIRGINIA,2025-10-31,22304,Italian,2.5,60,+1 703-823-6262,https://locations.papajohns.com/united-states/va/22304/alexandria/4529-duke-street,https://locations.papajohns.com/united-states/va/22304/alexandria/4529-duke-street,https://www.papajohns.com/order/menu,Yes,No,Yes,https://www.ubereats.com/store/papa-johns-pizza-4529-duke-st/qM7zg74ST-64nWCtryPLsw,ubereats,4.771425915351479,false,DCA,null,2025-11-03T07:02:20.896Z,null,$$,"italian, pizzeria, family friendly, sandwich, desserts, chicken wings, dining and drinking, chicken, fast food, comfort food, american, wings, restaurant, pizza",QSR,Papa Johns Pizza,null,null,4529 Duke St
763607,KOBE JAPAN Hibachi And Sushi,United States Of America,SILVER SPRING,"Georgia Ave Silver Spring, Md",39.0794075,-77.072406,MARYLAND,2025-10-31,20906,Asian Fusion,3.7,64,+1 240-833-3378,http://www.kobejapanmd.com,http://www.kobejapanmd.com,null,Yes,No,Yes,https://www.yelp.com/biz/kobe-japan-hibachi-and-sushi-silver-spring,yelp,15.790992041457248,false,DCA,null,2025-11-03T07:02:20.896Z,null,$$,"asian fusion, family friendly, sushi bars, japanese restaurant, asian restaurant, japanese, dining and drinking, restaurant, group friendly",Casual Dining,KOBE JAPAN Hibachi And Sushi,null,null,Georgia Ave
1779147,Bistro Cacao,United States Of America,"WASHINGTON, DC","316 Massachusetts Ave Ne Washington, Dc",38.894475,-77.00109,DISTRICT OF COLUMBIA,2025-10-31,20002,Cocktail Bars,4.8,0,+1 202-546-4737,http://www.bistrocacao.com,http://www.bistrocacao.com,https://bistrocacao.com/#menu,No,Yes,Yes,https://www.opentable.com/r/bistro-cacao-washington,opentable,3.5272264189985933,true,DCA,null,2025-11-03T07:02:20.896Z,null,$$$$,"cocktail bars, european, steak, beer bar, dining and drinking, bar, seafood, salads, french, healthy, wine bar, restaurant, french restaurant",Fine Dining,Bistro Cacao,2023-06-15T00:00:00.000Z,null,316 Massachusetts Ave Ne
1201756,Subway,United States Of America,ALEXANDRIA,"1470 N Beauregard St Ste A Alexandria, Va",38.831087,-77.1255605,VIRGINIA,2025-10-31,22311,Sandwiches,2.3,17,+1 703-820-1211,https://restaurants.subway.com/united-states/va/alexandria/1470-n-beauregard-st,https://restaurants.subway.com/united-states/va/alexandria/1470-n-beauregard-st,http://www.subway.com/en-us/menunutrition,Yes,No,Yes,https://www.yelp.com/biz/subway-alexandria-80,yelp,4.956485782588183,false,DCA,null,2025-11-03T07:02:20.896Z,null,$,"sandwiches, sandwich, sandwich spot, deli, dining and drinking, fast food, american, restaurant, fast food restaurant",QSR,Subway,null,null,1470 N Beauregard St Ste A
1167520,Burger King,United States Of America,GLEN BURNIE,"7988 Crain Hwy Glen Burnie, Md",39.1314885,-76.63925,MARYLAND,2025-10-31,21061,Burgers,2.2,45,+1 410-969-7643,https://burgerking.com/store-locator/store/restaurant_4989,https://burgerking.com/store-locator/store/restaurant_4989,http://www.bk.com/menu/kids_meals,Yes,No,Yes,https://www.ubereats.com/store/burger-king-7988-crain-highway/Ha-xUlY1Tx6od1sIRUfx3w,ubereats,28.83629663736234,false,DCA,null,2025-11-03T07:02:20.896Z,null,$,"burgers, dining and drinking, burger, fast food, american, restaurant, fast food restaurant",QSR,Burger King,null,null,7988 Crain Hwy
1195743,Popeyes Louisiana Kitchen,United States Of America,FALLS CHURCH,5896 Lessburg Pike,38.8536585,-77.134533,VIRGINIA,2025-10-31,22041,Fried Chicken Joint,4.488579940417081,480,+1 571-253-6820,null,null,null,Yes,No,Yes,https://www.ubereats.com/store/popeyes-louisiana-kitchen-5896-leesburg-pike/vuuKbEerVry3-kw3_WdkYA,ubereats,5.224127335357256,false,DCA,null,2025-11-03T07:02:20.896Z,null,$,"fried chicken joint, dining and drinking, fast food, comfort food, american, restaurant",QSR,Popeyes Louisiana Kitchen,null,null,5896 Lessburg Pike
2120157,Mount Everest Restaurant,United States Of America,NOTTINGHAM,"7927 Belair Rd Ste C Nottingham, Md",39.373119,-76.50781,MARYLAND,2025-10-31,21236,Nepali,4.3,8,+1 999-999-9999,http://www.mounteverestrestaurant.com,http://www.mounteverestrestaurant.com,https://masked.com/,No,No,Yes,https://www.opentable.com/r/mount-everest-restaurant-nottingham,opentable,45.85549195258487,true,DCA,null,2025-11-03T07:02:20.896Z,null,$$,"nepali, restaurant, indian restaurant, himalayan/nepalese, dining and drinking, nepalese, asian, vegan, indian",Casual Dining,Mount Everest Restaurant,2022-02-01T00:00:00.000Z,null,7927 Belair Rd Ste C
1792277,The Big Greek Cafe-Hillandale,United States Of America,SILVER SPRING,"New Hampshire Ave Silver Spring, Md",39.02197,-76.97672,MARYLAND,2025-10-31,20903,Burgers,4.3,61,+1 301-328-0088,https://www.biggreekcafe.com,https://www.biggreekcafe.com,https://www.biggreekcafe.com/menu/,Yes,No,Yes,https://www.yelp.com/biz/the-big-greek-cafe-hillandale-silver-spring,yelp,12.169645919945275,false,DCA,null,2025-11-03T07:02:20.896Z,null,$,"burgers, restaurant, sandwiches, greek restaurant, dining and drinking, american, mediterranean, greek, salad",Casual Dining,The Big Greek Cafe-Hillandale,null,null,New Hampshire Ave
1130434,Pyramid Lounge,United States Of America,WALDORF,3242 Old Washington Road,38.62169,-76.90988,MARYLAND,2025-10-31,20602,American,null,0,+1 240-412-0624,null,null,null,Yes,No,Yes,https://www.ubereats.com/store/pyramid-lounge/PY7vqnYoVeqO3wNtSS1aOA,ubereats,17.328781795064444,false,DCA,null,2025-11-03T07:02:20.896Z,null,$$,"american, burgers, sandwiches",Casual Dining,Pyramid Lounge,null,null,3242 Old Washington Road
996684,Melt Gourmet Cheeseburgers,United States Of America,LEESBURG,"525 E Market St Ste J Leesburg, Va",39.1082,-77.55258,VIRGINIA,2025-10-31,20176,Burgers,4.4,1967,+1 703-443-2105,http://www.meltgourmetcheeseburgers.com,http://www.meltgourmetcheeseburgers.com,http://www.meltgourmetcheeseburgers.com/menu/,No,No,Yes,https://www.yelp.com/biz/melt-gourmet-cheeseburgers-leesburg,yelp,32.872667353540955,false,DCA,null,2025-11-03T07:02:20.896Z,null,$$,"burgers, burger joint, dining and drinking, american, restaurant",Casual Dining,Melt Gourmet Cheeseburgers,null,null,525 E Market St Ste J
1558699,BurgerFi,United States Of America,BOWIE,"2019 St Joseph'S Dr Ste 113 Bowie, Md",38.917029,-76.842266,MARYLAND,2025-10-31,20721,Burgers,3.3,15,+1 240-582-4159,https://www.burgerfi.com,https://www.burgerfi.com,https://www.burgerfi.com/menu,Yes,No,Yes,https://www.yelp.com/biz/burgerfi-bowie-3,yelp,11.449125767665914,false,DCA,null,2025-11-03T07:02:20.896Z,null,$,"burgers, burger joint, vegetarian friendly, dining and drinking, hot dogs, american, restaurant, group friendly, fast food restaurant",QSR,BurgerFi,null,null,2019 St Joseph's Dr Ste 113
1212031,Wingstop,United States Of America,COCKEYSVILLE,"York Rd Cockeysville, Md",39.46443,-76.63595,MARYLAND,2025-10-31,21030,Wings Joint,2.1,25,+1 443-933-9464,https://www.wingstop.com/location/wingstop-2145-cockeysville-md-21030/menu,https://www.wingstop.com/location/wingstop-2145-cockeysville-md-21030/menu,null,Yes,No,Yes,https://www.yelp.com/biz/wingstop-cockeysville,yelp,47.43235799102626,false,DCA,null,2025-11-03T07:02:20.896Z,null,$$,"wings joint, chicken wings, dining and drinking, chicken, fried chicken, american, wings, restaurant",QSR,Wingstop,null,null,York Rd
1677233,jd sports,United States Of America,BETHESDA,7101 Democracy Blvd,39.02362,-77.14512,MARYLAND,2025-10-31,20817,Retail,null,0,+1 555-555-5555,null,null,null,No,No,Yes,https://www.ubereats.com/store/jd-sports-montgomery-mall/qOakzAsdWcOXhAPdHSG3nQ,ubereats,13.171136101902238,false,DCA,null,2025-11-03T07:02:20.896Z,null,$$,retail,Casual Dining,jd sports,null,null,7101 Democracy Blvd
1582412,The Big Greek Cafe,United States Of America,COLUMBIA,"8874 Mcgaw Rd Columbia, Md",39.188345,-76.82007,MARYLAND,2025-10-31,21045,Restaurant,4.4,49,+1 443-864-5543,https://www.biggreekcafe.com,https://www.biggreekcafe.com,https://www.biggreekcafe.com/menu/,Yes,No,Yes,https://www.ubereats.com/store/the-big-greek-cafe-columbia/OJqNf84XVKSGDR2K-kYaqA,ubereats,25.983649231083138,false,DCA,null,2025-11-03T07:02:20.896Z,null,$$,"restaurant, sandwiches, vegetarian, greek restaurant, dining and drinking, mediterranean, greek, salad",Casual Dining,The Big Greek Cafe,null,null,8874 Mcgaw Rd
2297428,Little China Chinese Restaurant,United States Of America,MIDDLE RIVER,"2117 Eastern Blvd Middle River, Md",39.32853,-76.44069,MARYLAND,2025-10-31,21220,Asian Fusion,3.9,102,+1 410-686-1922,https://www.littlechinamiddleriver.com,https://www.littlechinamiddleriver.com,https://www.luckory.com/store/0951900017/little-china,No,No,Yes,https://www.yelp.com/biz/little-china-chinese-restaurant-middle-river,yelp,45.93664142577877,false,DCA,null,2025-11-03T07:02:20.896Z,null,$,"asian fusion, szechuan, asian restaurant, dining and drinking, chinese restaurant, asian, chinese, restaurant",Casual Dining,Little China Chinese Restaurant,null,null,2117 Eastern Blvd
1728393,carrabba's sandwich bistro,United States Of America,FREDERICKSBURG,1951 Carl D Silver Pkwy,38.30992,-77.51138,VIRGINIA,2025-10-31,22401,American,4.190476190476191,13,+1 540-548-1122,null,null,null,Yes,No,Yes,https://www.ubereats.com/store/carrabbas-sandwich-bistro-1951-carl-d-silver-pkwy/g8GD5MC0UuWspY0vf0OYGw,ubereats,45.34677540161177,false,DCA,null,2025-11-03T07:02:20.896Z,null,$$,"american, sandwiches",Casual Dining,carrabba's sandwich bistro,null,null,1951 Carl D Silver Pkwy
1705451,Los Caballeros,United States Of America,WASHINGTON,"Pennsylvania Ave Se,, Dc, Washington, 20019, United States",38.8711,-76.96477,DISTRICT OF COLUMBIA,2025-10-31,20020,Mexican,4.9,4,+1 202-909-7383,null,null,http://www.instagram.com/loscaballerosdc/,No,Yes,Yes,https://www.opentable.com/r/los-caballeros-washington,opentable,4.145864265856835,true,DCA,null,2025-11-03T07:02:20.896Z,null,$,"mexican, tex-mex",Casual Dining,Los Caballeros,2025-01-03T00:00:00.000Z,null,Pennsylvania Ave Se
1040021,Dunkin',United States Of America,JESSUP,"8600 Washington Blvd Jessup, Md",39.14698,-76.807942,MARYLAND,2025-10-31,20794,Donut Shop,2,45,+1 301-875-4732,https://locations.dunkindonuts.com/en/md/jessup/8600-washington-blvd/349129,https://locations.dunkindonuts.com/en/md/jessup/8600-washington-blvd/349129,null,Yes,No,Yes,https://www.yelp.com/biz/dunkin-jessup,yelp,23.805878397574716,false,DCA,null,2025-11-03T07:02:20.896Z,null,$,"donut shop, coffee & tea, donuts, cafe, coffee, and tea house, dining and drinking, coffee shop, breakfast and brunch",QSR,Dunkin',null,null,8600 Washington Blvd
1200339,Spice Kitchen West African Grill,United States Of America,HYATTSVILLE,"3124 Queens Chapel Rd Hyattsville, Md",38.9511325,-76.9679275,MARYLAND,2025-10-31,20782,Steak,4.4,0,+1 202-280-1491,http://spicekitchengrill.com,http://spicekitchengrill.com,null,No,No,Yes,https://www.toasttab.com/local/order/spicekitchengrill/r-acccc93c-5760-4c1d-8e40-4d34ac54b1a0,toasttab,7.798141495541667,true,DCA,null,2025-11-03T07:02:20.896Z,null,$$$,"steak, african: other, dining and drinking, chicken, african, restaurant, african restaurant",Casual Dining,Spice Kitchen West African Grill,null,null,3124 Queens Chapel Rd
2139641,Detour Coffee,United States Of America,ARLINGTON,"946 N Jackson St Arlington, Va",38.884125,-77.0994995,VIRGINIA,2025-10-31,22201,Sandwiches,4.2,378,+1 703-988-2378,http://detourcoffeeco.com,http://detourcoffeeco.com,null,Yes,No,Yes,https://www.yelp.com/biz/detour-coffee-arlington-2,yelp,3.9983368025125707,false,DCA,null,2025-11-03T07:02:20.896Z,null,$$,"sandwiches, breakfast & brunch, sandwich, coffee and tea, coffee & tea, latin, cafe, coffee, and tea house, dining and drinking, coffee shop, spanish, middle eastern, salads, american",Casual Dining,Detour Coffee,null,null,946 N Jackson St
1759150,The Olde Philadelphia Inn,United States Of America,ROSEDALE,"9510 Philadelphia Rd Rosedale, Md",39.355554,-76.46235,MARYLAND,2025-10-31,21237,American Restaurant,2.6,0,+1 410-687-5757,http://theopi.com,http://theopi.com,null,No,No,Yes,https://www.yelp.com/biz/the-olde-philadelphia-inn-rosedale,yelp,46.502037342020515,false,DCA,null,2025-11-03T07:02:20.896Z,null,$$,"american restaurant, pub, bar, dining and drinking, american, restaurant",Casual Dining,The Olde Philadelphia Inn,null,null,9510 Philadelphia Rd
1554546,Bakery Express,United States Of America,HALETHORPE,"4711 Hollins Ferry Rd Halethorpe, Md",39.22914,-76.68191999999999,MARYLAND,2025-10-31,21227,Exclusive to Eats,4.1,122,+1 410-281-2000,http://bakeryexpressmsdesserts.com/,http://bakeryexpressmsdesserts.com/,null,Yes,No,Yes,https://www.yelp.com/biz/bakery-express-halethorpe,yelp,32.29233966239738,false,DCA,null,2025-11-03T07:02:20.896Z,null,$,"exclusive to eats, breakfast & brunch, sandwich, cupcakes, desserts, custom cakes, dining and drinking, bakery, american, cafe, bakeries, breakfast and brunch",Casual Dining,Bakery Express,null,null,4711 Hollins Ferry Rd
764367,Potbelly Sandwich Shop,United States Of America,SILVER SPRING,"917 Ellsworth Dr Silver Spring, Md",38.996258499999996,-77.02645,MARYLAND,2025-10-31,20910,Sandwiches,3.4,92,+1 301-562-9696,https://www.potbelly.com/,https://www.potbelly.com/,https://potbelly.com/locations/maryland/silver-spring,Yes,Yes,Yes,https://www.yelp.com/biz/potbelly-sandwich-shop-silver-spring,yelp,9.962646375268259,false,DCA,null,2025-11-03T07:02:20.896Z,null,$,"sandwiches, sandwich, american restaurant, sandwich spot, deli, dining and drinking, salads, fast food, healthy, american, restaurant, salad",QSR,Potbelly Sandwich Shop,null,null,917 Ellsworth Dr
1505518,Saffron House of Kabob,United States Of America,STERLING,"Davenport Dr Sterling, Va",39.0368,-77.41076,VIRGINIA,2025-10-31,20165,Persian,3.7,0,+1 703-444-2002,http://saffronhouseofkabob.com,http://saffronhouseofkabob.com,null,Yes,No,Yes,https://www.toasttab.com/local/order/saffron-house-of-kabob-_20921-davenport-dr/r-5aa77e93-4a22-476f-9d35-2ef1a9ff1c7a,toasttab,23.79483556082922,true,DCA,null,2025-11-03T07:02:20.896Z,null,$,"persian, halal, kebab, afghan restaurant, persian/iranian, vegetarian friendly, family meals, dining and drinking, chicken, pakistani, middle eastern, mediterranean, arab, restaurant, group friendly",Casual Dining,Saffron House of Kabob,null,null,Davenport Dr
764406,Pizza Boli's,United States Of America,SEVERNA PARK,"352 A Ritchie Hwy Severna Park, Md",39.087149999999994,-76.5552,MARYLAND,2025-10-31,21146,Italian,3.6,23,+1 410-975-0700,https://www.pizzabolis.com/locations/severna-park/,https://www.pizzabolis.com/locations/severna-park/,https://www.pizzabolis.com/menu/,Yes,No,Yes,https://www.yelp.com/biz/pizza-bolis-severna-park-2,yelp,30.626674549912067,false,DCA,null,2025-11-03T07:02:20.896Z,null,$,"italian, sandwiches, pizzeria, dining and drinking, american, restaurant, pizza",Casual Dining,Pizza Boli's,null,null,352 A Ritchie Hwy
730474,Golden Corral Buffet & Grill,United States Of America,HANOVER,"7047 Arundel Mills Cir Hanover, Md",39.153463,-76.72358,MARYLAND,2025-10-31,21076,Buffets,3,189,+1 410-799-0959,https://www.goldencorral.com,https://www.goldencorral.com,null,Yes,No,Yes,https://www.yelp.com/biz/golden-corral-buffet-and-grill-hanover-2,yelp,26.79602767026928,false,DCA,null,2025-11-03T07:02:20.896Z,null,$,"buffets, traditional american, restaurant, american restaurant, buffet, dining and drinking, seafood, comfort food, american, wings, southern",Casual Dining,Golden Corral Buffet & Grill,null,null,7047 Arundel Mills Cir
101093,La Brasa Latin Cuisine,United States Of America,ROCKVILLE,"Parklawn Dr Rockville, Md",39.0612,-77.11164,MARYLAND,2025-10-31,20852,Latin American,4.3,0,+1 301-468-8850,https://www.labrasarockville.com,https://www.labrasarockville.com,https://www.labrasarockville.com/menu,No,No,Yes,https://www.yelp.com/biz/la-brasa-latin-cuisine-rockville,yelp,14.96365745045295,false,DCA,null,2025-11-03T07:02:20.896Z,null,$$,"latin american, mexican, latin american restaurant, latin, central american, dining and drinking, peruvian, salvadoran, restaurant, group friendly",Casual Dining,La Brasa Latin Cuisine,null,null,Parklawn Dr
854606,Yummy Kabob,United States Of America,ANNANDALE,"3340 Gallows Rd Annandale, Va",38.854043,-77.2216,VIRGINIA,2025-10-31,22003,Halal,3.8,330,+1 703-559-3340,http://www.yummykabobva.com,http://www.yummykabobva.com,https://mymozo.com/myrestaurant/default?companyid=901,Yes,No,Yes,https://www.yelp.com/biz/yummy-kabob-annandale-2,yelp,9.920156841262878,false,DCA,null,2025-11-03T07:02:20.896Z,null,$,"halal, sandwiches, mediterranean, health and medicine, dining and drinking, salads, comfort food, middle eastern, restaurant, medical center, mediterranean restaurant",Casual Dining,Yummy Kabob,null,null,3340 Gallows Rd
1754299,Ledo Pizza,United States Of America,COCKEYSVILLE,"York Rd Cockeysville, Md",39.49429,-76.64868,MARYLAND,2025-10-31,21030,Italian,3.1,41,+1 410-785-5336,https://order.ledopizza.com/menu/ledo-pizza-hunt-valley/,https://order.ledopizza.com/menu/ledo-pizza-hunt-valley/,https://ledopizza.com/store/md-hunt-valley/,Yes,Yes,Yes,https://www.yelp.com/biz/ledo-pizza-cockeysville-4,yelp,48.97836464620499,false,DCA,null,2025-11-03T07:02:20.896Z,null,$,"italian, italian restaurant, pizzeria, dining and drinking, restaurant, pizza",Casual Dining,Ledo Pizza,null,null,York Rd
2212482,IVO RESTAURANT,United States Of America,LANHAM,9430 Annapolis Road,38.96508,-76.84267,MARYLAND,2025-10-31,20706,Chicken,null,0,+1 240-413-3122,null,null,null,Yes,No,Yes,https://www.ubereats.com/store/ivo-restaurant/Z6-pVCj6Q3i20Ulo2g49XQ,ubereats,13.0853821165344,false,DCA,null,2025-11-03T07:02:20.896Z,null,$$,"chicken, african: other, salads, healthy",Casual Dining,IVO RESTAURANT,null,null,9430 Annapolis Road
1525694,Duangrat's Thai Restaurant,United States Of America,MASON,6110 Arlington Boulevard,38.86893,-77.14396,VIRGINIA,2025-10-31,22044,Thai,null,0,+1 540-446-2914,null,null,null,Yes,No,Yes,https://www.ubereats.com/store/duangrats-thai-restaurant/7Ahr3pU0U1KqMLX9ZFusZQ,ubereats,5.847292094161807,false,DCA,null,2025-11-03T07:02:20.896Z,null,$$,"thai, noodles, asian",Casual Dining,Duangrat's Thai Restaurant,null,null,6110 Arlington Boulevard
1532449,Halal Pizza & Wings,United States Of America,WASHINGTON,900 Brentwood Road Northeast,38.91732,-76.99549,DISTRICT OF COLUMBIA,2025-10-31,20018,American,null,0,+1 240-432-6197,null,null,null,Yes,No,Yes,https://www.ubereats.com/store/halal-pizza-%26-wings/w3vX69-wVnGt0k-m5mQs3A,ubereats,5.041733712165279,false,DCA,null,2025-11-03T07:02:20.896Z,null,$$,"american, pizza, italian",Casual Dining,Halal Pizza & Wings,null,null,900 Brentwood Road Northeast
2270791,Szechuan D'lite,United States Of America,FAIRFAX STATION,"8906 Village Shops Dr Fairfax Station, Va",38.729015000000004,-77.2529865,VIRGINIA,2025-10-31,22039,Thai,3.4,52,+1 703-690-1688,https://szechuandlitefs.com,https://szechuandlitefs.com,http://www.szechuandlitefairfaxstation.com/menu.aspx,Yes,No,Yes,https://www.yelp.com/biz/szechuan-d-lite-fairfax-station,yelp,14.393201863445936,false,DCA,null,2025-11-03T07:02:20.896Z,null,$,"thai, szechuan, asian restaurant, dining and drinking, chinese restaurant, rice dishes, asian, chinese, restaurant",Casual Dining,Szechuan D'lite,null,null,8906 Village Shops Dr
1230228,Halal Grill Factory,United States Of America,WASHINGTON,1344 U Street Northwest,38.91685,-77.0313,DISTRICT OF COLUMBIA,2025-10-31,20009,Vegetarian,null,0,+1 307-227-2511,null,null,null,Yes,No,Yes,https://www.ubereats.com/store/halal-grill-factory/4xvFflwnXeCLjryMS0lxig,ubereats,4.479792833684463,false,DCA,null,2025-11-03T07:02:20.896Z,null,$$,"vegetarian, indian, asian",Casual Dining,Halal Grill Factory,null,null,1344 U Street Northwest
1650457,Lo & Co Highland 13380 Clarksville Pike,United States Of America,HIGHLAND,Clarksville Pike,39.179793000000004,-76.95753450000001,MARYLAND,2025-10-31,20777,Dining and Drinking,null,0,+1 301-854-0350,null,null,null,No,Yes,Yes,https://www.toasttab.com/local/order/lo-co-highland-13380-clarksville-pike/r-02dafe52-e51d-4a79-9511-3917439ec223,toasttab,23.01290764025635,true,DCA,null,2025-11-03T07:02:20.896Z,null,$,"dining and drinking, coffee shop, cafe, coffee, and tea house",Casual Dining,Lo & Co Highland 13380 Clarksville Pike,null,null,Clarksville Pike
2266885,Hot Pot Legend Ashburn,United States Of America,ASHBURN,"Exchange St Ashburn, Va",39.050145,-77.453315,VIRGINIA,2025-10-31,20147,Hot Pot,3.8,0,+1 703-468-7688,http://ashburn.hotpotlegend.us,http://ashburn.hotpotlegend.us,null,Yes,Yes,Yes,https://www.toasttab.com/local/order/hotpotlegendashburn/r-e0efb121-bec4-41a2-9165-70f82f6cd40e,toasttab,26.22590400598024,true,DCA,null,2025-11-03T07:02:20.896Z,null,$$,"hot pot, szechuan, asian restaurant, noodles, dining and drinking, chicken, chinese restaurant, asian, chinese, restaurant, all you can eat hot pot",Casual Dining,Hot Pot Legend Ashburn,null,null,Exchange St
1644896,Rich Kitchen,United States Of America,ACCOKEEK,Livingston Road,38.66974,-77.00978,MARYLAND,2025-10-31,20607,American,null,0,+1 240-493-6311,null,null,null,Yes,No,Yes,https://www.ubereats.com/store/rich-kitchen/4kMf3WWbTGqRiDwW00Se4Q,ubereats,12.66906505779382,false,DCA,null,2025-11-03T07:02:20.896Z,null,$$,"american, southern, seafood",Casual Dining,Rich Kitchen,null,null,Livingston Road
2175878,KFC,United States Of America,OXON HILL,"6140, 42 Oxon Hill Rd Oxon Hill, Md",38.80433,-76.9776375,MARYLAND,2025-10-31,20745,Chicken Shop,1.6,26,+1 301-567-0590,https://www.kfc.com,https://www.kfc.com,https://www.kfc.com/menu/promotions,Yes,No,Yes,https://www.yelp.com/biz/kfc-oxon-hill-3,yelp,4.621781781327135,false,DCA,null,2025-11-03T07:02:20.896Z,null,$,"chicken shop, family friendly, fried chicken joint, family meals, chicken wings, waffles, chicken, dining and drinking, wings, fast food, fried chicken, american, restaurant, fast food restaurant",QSR,KFC,null,null,42 Oxon Hill Rd
1986344,Domino's Pizza,United States Of America,SILVER SPRING,"Georgia Ave Silver Spring, Md",39.0519,-77.049974,MARYLAND,2025-10-31,20902,Sandwiches,1.8,65,+1 301-933-3339,https://www.dominos.com,https://www.dominos.com,null,No,No,Yes,https://www.ubereats.com/store/dominos-11937-georgia-ave/4zoubneXV3aK0A1u1CheYw,ubereats,13.798301594271585,false,DCA,null,2025-11-03T07:02:20.896Z,null,$,"sandwiches, pizzeria, family meals, chicken wings, dining and drinking, fast food, american, wings, restaurant, pizza",QSR,Domino's Pizza,null,null,Georgia Ave
861324,The Olive Tree,United States Of America,GLEN BURNIE,"7005 Ritchie Hwy Glen Burnie, Md",39.182435,-76.6125035,MARYLAND,2025-10-31,21060,Family Friendly,3.5,0,+1 410-761-8237,http://www.olivetreeitalian.com,http://www.olivetreeitalian.com,https://www.toasttab.com/the-olive-tree-glen-burnie,No,No,Yes,https://www.opentable.com/r/the-olive-tree-glen-burnie,opentable,32.29265646683911,true,DCA,null,2025-11-03T07:02:20.896Z,null,$$,"family friendly, chicken, fresh fish, burgers, dessert, dining and drinking, wings, pizza, italian, sandwich, beer restaurants, bar, seafood, salads, wine, restaurant, italian restaurant, pasta, kids friendly",Casual Dining,The Olive Tree,2021-12-17T00:00:00.000Z,null,7005 Ritchie Hwy
2172626,Union Street Public House,United States Of America,ALEXANDRIA,"121 S Union St Alexandria, Va",38.80348,-77.04059,VIRGINIA,2025-10-31,22314,Bar Food,4.1,0,+1 999-999-9999,http://www.unionstreetpublichouse.com/,http://www.unionstreetpublichouse.com/,https://www.unionstreetpublichouse.com/menus,No,No,Yes,https://www.opentable.com/r/union-street-public-house,opentable,3.3574202008578626,true,DCA,null,2025-11-03T07:02:20.896Z,null,$$,"bar food, american restaurant, new american, pubs, bar, pub, dining and drinking, seafood, american, american cuisine, restaurant, contemporary american",Fine Dining,Union Street Public House,2022-02-01T00:00:00.000Z,null,121 S Union St
1645819,Taste of Jamaica,United States Of America,WASHINGTON,"3308 Us, 29",38.93132,-77.02383,DISTRICT OF COLUMBIA,2025-10-31,20010,Jamaican,null,0,+1 202-722-1999,null,null,null,Yes,No,Yes,https://www.ubereats.com/store/taste-of-jamaica/PsFWEro8SHmbUiUJRY3uYQ,ubereats,5.515555737527146,false,DCA,null,2025-11-03T07:02:20.896Z,null,$$,jamaican,Casual Dining,Taste of Jamaica,null,null,3308 Us 29
1665663,Mekki,United States Of America,WASHINGTON,"517 8Th St Se,, Dc, Washington, 20003, 2835, United States",38.88217,-76.99533,DISTRICT OF COLUMBIA,2025-10-31,20003,Moroccan,4.5,116,+1 999-999-9999,http://www.mekkidc.com/,http://www.mekkidc.com/,https://masked.com/,No,No,Yes,https://www.opentable.com/r/marrakech-restaurant-washington,opentable,3.0859834697504493,true,DCA,null,2025-11-03T07:02:20.896Z,null,$$,moroccan,Fine Dining,Mekki,2022-02-01T00:00:00.000Z,null,517 8Th St Se
1043159,Jeno's Steaks,United States Of America,SEVERNA PARK,"552 Baltimore Annapolis Blvd Severna Park, Md",39.072932,-76.54736650000001,MARYLAND,2025-10-31,21146,Asian Fusion,3.8,176,+1 410-544-1416,https://www.jenossteaksmd.com,https://www.jenossteaksmd.com,https://jenossteaksmd.smartonlineorder.com/,No,No,Yes,https://www.yelp.com/biz/jenos-steaks-severna-park,yelp,30.485865456276102,false,DCA,null,2025-11-03T07:02:20.896Z,null,$,"asian fusion, restaurant, sandwich spot, dining and drinking, fast food, asian, american, chinese, cheesesteaks",QSR,Jeno's Steaks,null,null,552 Baltimore Annapolis Blvd
1804025,Panda Express,United States Of America,OWINGS MILLS,"Mill Run Cir Owings Mills, Md",39.405876,-76.7875,MARYLAND,2025-10-31,21117,Asian Restaurant,3.7,12,+1 443-940-6789,null,null,https://www.pandaexpress.com/?showMenu=true?utm_source=yelp&utm_medium=profile&utm_campaign=3654,Yes,No,Yes,https://www.yelp.com/biz/panda-express-owings-mills,yelp,40.49756764881562,false,DCA,null,2025-11-03T07:02:20.896Z,null,$,"asian restaurant, desserts, dining and drinking, fast food, asian, chinese, restaurant, group friendly",QSR,Panda Express,null,null,Mill Run Cir
762511,Firehouse Subs,United States Of America,WESTMINSTER,"625 Baltimore Blvd Ste R Westminster, Md",39.562915000000004,-76.97282000000001,MARYLAND,2025-10-31,21157,Sandwiches,3,47,+1 443-487-9450,http://firehousesubs.com/menu,http://firehousesubs.com/menu,http://order.firehousesubs.com/menu?service-mode=TAKEOUT&store-number=784,Yes,No,Yes,https://www.yelp.com/biz/firehouse-subs-westminster,yelp,49.15854000290616,false,DCA,null,2025-11-03T07:02:20.896Z,null,$,"sandwiches, healthy, sandwich, sandwich spot, deli, dining and drinking, delis, fast food, salads, american, restaurant",QSR,Firehouse Subs,null,null,625 Baltimore Blvd Ste R
1769259,Little Caesar's Pizza,United States Of America,WALDORF,"1304 Smallwood Dr W Waldorf, Md",38.6133835,-76.92971299999999,MARYLAND,2025-10-31,20603,Pizzeria,2.6,17,+1 301-705-5002,https://littlecaesars.com/en-us/store/6812,https://littlecaesars.com/en-us/store/6812,https://littlecaesars.com/en-us/menu,No,No,Yes,https://www.yelp.com/biz/little-caesars-pizza-waldorf-2,yelp,17.4694293386544,false,DCA,null,2025-11-03T07:02:20.896Z,null,$,"pizzeria, chicken wings, dining and drinking, fast food, comfort food, american, restaurant, pizza",QSR,Little Caesar's Pizza,null,null,1304 Smallwood Dr W
1745531,Härth,United States Of America,MCLEAN,"7920 Jones Branch Dr Mclean, Va",38.9265645,-77.216125,VIRGINIA,2025-10-31,22102,Breakfast & Brunch,4.5,988,+1 703-761-5131,https://www.hilton.com/en/hotels/mclmhhh-hilton-mclean-tysons-corner/dining/,https://www.hilton.com/en/hotels/mclmhhh-hilton-mclean-tysons-corner/dining/,https://www3.hilton.com/en/hotels/virginia/hilton-mclean-tysons-corner-mclmhhh/dining/index.html,No,Yes,Yes,https://www.opentable.com/r/harth-mclean,opentable,10.904620853823213,true,DCA,null,2025-11-03T07:02:20.896Z,null,$$,"breakfast & brunch, bars, hotel bar, american restaurant, contemporary southern, new american, dining and drinking, bar, farm-to-table, new american restaurant, american, restaurant, contemporary american",Fine Dining,Härth,2025-06-09T00:00:00.000Z,null,7920 Jones Branch Dr
1160583,DC Noodles,United States Of America,WASHINGTON,"1412 U St Nw,, Dc, Washington, 20009, United States",38.91691,-77.03268,DISTRICT OF COLUMBIA,2025-10-31,20009,Thai,4.6,90,+1 999-999-9999,http://www.dcnoodles.com/,http://www.dcnoodles.com/,https://masked.com/,No,No,Yes,https://www.opentable.com/r/dc-noodles,opentable,4.478808259635778,true,DCA,null,2025-11-03T07:02:20.896Z,null,$,"thai, international, asian",Casual Dining,DC Noodles,2022-02-01T00:00:00.000Z,null,1412 U St Nw
1397116,Wendy's,United States Of America,BALTIMORE,"1320 Merritt Blvd Baltimore, Md",39.2788665,-76.50531050000001,MARYLAND,2025-10-31,21222,Burgers,2.1,18,+1 410-282-8746,https://www.wendys.com,https://www.wendys.com,https://menu.wendys.com,Yes,Yes,Yes,https://www.ubereats.com/store/wendys-1320-merritt-blvd/ekB6ViNuTjeLx4UtoUa_0w,ubereats,41.06553610371527,false,DCA,null,2025-11-03T07:02:20.896Z,null,$,"burgers, burger joint, dining and drinking, fast food, american, restaurant, fast food restaurant",QSR,Wendy's,null,null,1320 Merritt Blvd
2152771,Tropical Smoothie Cafe,United States Of America,MANASSAS,"Sudley Manor Dr Manassas, Va",38.785399999999996,-77.519725,VIRGINIA,2025-10-31,20109,Sandwiches,2.5,2,+1 347-819-7765,https://locations.tropicalsmoothiecafe.com/va/manassas/10884-sudley-manor-drive,https://locations.tropicalsmoothiecafe.com/va/manassas/10884-sudley-manor-drive,https://www.tropicalsmoothiecafe.com/menu/,No,No,Yes,https://www.yelp.com/biz/tropical-smoothie-cafe-manassas-6,yelp,26.41583157863591,false,DCA,null,2025-11-03T07:02:20.896Z,null,$,"sandwiches, breakfast & brunch, drinks, fruit, juice bars & smoothies, fast food, healthy, bowls, juice and smoothies",QSR,Tropical Smoothie Cafe,null,null,Sudley Manor Dr
1647818,Spilt Tea,United States Of America,FREDERICKSBURG,"611 Caroline St,, Va, Fredericksburg, 22401, United States",38.30028,-77.45722,VIRGINIA,2025-10-31,22401,Café,4.8,43,+1 999-999-9999,http://www.spilttearoom.com/,http://www.spilttearoom.com/,https://masked.com/,No,Yes,Yes,https://www.opentable.com/r/spilt-tea-fredericksburg,opentable,44.32565757964885,true,DCA,null,2025-11-03T07:02:20.896Z,null,$,"café, afternoon tea, scottish",Fine Dining,Spilt Tea,2022-02-01T00:00:00.000Z,null,611 Caroline St
1704403,The Grill Room,United States Of America,WASHINGTON,"1050 31St St Nw,, Dc, Washington, 20007, United States",38.90393,-77.06146,DISTRICT OF COLUMBIA,2025-10-31,20007,American,4.4,443,+1 999-999-9999,http://www.rosewoodhotels.com/en/washington-dc/dining/the-grill-room,http://www.rosewoodhotels.com/en/washington-dc/dining/the-grill-room,https://masked.com/,No,Yes,Yes,https://www.opentable.com/r/the-grill-room-washington,opentable,3.7978569455940807,true,DCA,null,2025-11-03T07:02:20.896Z,null,$$,american,Fine Dining,The Grill Room,2022-02-01T00:00:00.000Z,null,1050 31St St Nw
858823,Persimmon,United States Of America,BETHESDA,"7003 Wisconsin Ave Bethesda, Md",38.97949,-77.09154,MARYLAND,2025-10-31,20815,European,4.8,3039,+1 301-654-9860,http://www.persimmonrestaurant.com/,http://www.persimmonrestaurant.com/,null,No,Yes,Yes,https://www.opentable.com/persimmon,opentable,9.254090322346718,true,DCA,null,2025-11-03T07:02:20.896Z,Verified over 3 months ago,$$,"european, sandwiches, steak, mediterranean, contemporary french / american, american restaurant, modern european, contemporary, new american, desserts, dining and drinking, french, american, modern french, restaurant, soup",Fine Dining,Persimmon,2022-02-02T00:00:00.000Z,null,7003 Wisconsin Ave
1424298,Guajillo Chalateco,United States Of America,WASHINGTON,6214 Georgia Ave Nw,38.9654865,-77.0279185,DISTRICT OF COLUMBIA,2025-10-31,20011,Mexican,null,0,+1 202-506-6193,https://www.ezcater.com/catering/pvt/guajillo-chalateco-3,https://www.ezcater.com/catering/pvt/guajillo-chalateco-3,null,Yes,Yes,Yes,https://www.ubereats.com/store/guajillo-chalateco/wCbvW9IWSb2T2C5qBdZKUg,ubereats,7.839231364875057,false,DCA,null,2025-11-03T07:02:20.896Z,null,$,"mexican, latin american restaurant, dining and drinking, salvadoran restaurant, american, restaurant, fast food restaurant",QSR,Guajillo Chalateco,null,null,6214 Georgia Ave Nw
762561,Checkers,United States Of America,GLEN BURNIE,"1417 N Crain Hwy Glen Burnie, Md",39.18685,-76.6134655,MARYLAND,2025-10-31,21061,Burgers,1.9,27,+1 410-761-3830,https://locations.checkersandrallys.com/md/glen-burnie/1417-n.-crain-hwy.,https://locations.checkersandrallys.com/md/glen-burnie/1417-n.-crain-hwy.,https://www.checkers.com/food/,Yes,Yes,Yes,https://www.yelp.com/biz/checkers-glen-burnie-2,yelp,32.471369137287155,false,DCA,null,2025-11-03T07:02:20.896Z,null,$,"burgers, burger joint, family meals, dining and drinking, burger, fast food, american, restaurant, fast food restaurant",QSR,Checkers,null,null,1417 N Crain Hwy
324535,Chick-fil-A,United States Of America,STAFFORD,"25 Dunn Dr Stafford, Va",38.47586,-77.42232,VIRGINIA,2025-10-31,22556,Chicken Shop,3.5,110,+1 540-657-7930,https://www.chick-fil-a.com/locations/va/garrisonville,https://www.chick-fil-a.com/locations/va/garrisonville,https://www.chick-fil-a.com/menu,No,Yes,Yes,https://www.yelp.com/biz/chick-fil-a-stafford,yelp,33.25922693061716,false,DCA,null,2025-11-03T07:02:20.896Z,null,$,"chicken shop, fast food restaurant, fried chicken joint, dining and drinking, chicken, fast food, american, restaurant, salad, breakfast and brunch",QSR,Chick-fil-A,null,null,25 Dunn Dr
2219658,Copa Kitchen & Bar,United States Of America,ARLINGTON,"4238 Wilson Boulevard, Suite 150, Va, Arlington, 22203, United States",38.8795,-77.11084,VIRGINIA,2025-10-31,22203,Latin American,4.3,79,+1 999-999-9999,http://www.copakitchenbar.com/,http://www.copakitchenbar.com/,https://masked.com/,No,Yes,Yes,https://www.opentable.com/r/copa-kitchen-and-bar-arlington,opentable,4.373804735870244,true,DCA,null,2025-11-03T07:02:20.896Z,null,$,"latin american, bar food, family meals, spanish, american",Fine Dining,Copa Kitchen & Bar,2022-02-01T00:00:00.000Z,null,"4238 Wilson Boulevard, Suite 150"
1740463,The Burger Den,United States Of America,WALDORF,"2975 Crain Hwy Waldorf, Md",38.630262,-76.90754,MARYLAND,2025-10-31,20601,Burgers,5,1,+1 301-843-8280,https://theburgerden.com,https://theburgerden.com,https://theburgerden.com/menu-2/,Yes,Yes,Yes,https://www.yelp.com/biz/the-burger-den-waldorf,yelp,16.84035884027115,false,DCA,null,2025-11-03T07:02:20.896Z,null,$$,"burgers, vegetarian friendly, dining and drinking, fast food, comfort food, american, restaurant, food delivery services",QSR,The Burger Den,null,null,2975 Crain Hwy
1222042,Chipotle Mexican Grill,United States Of America,ROCKVILLE,"865 Rockville Pike Ste B Rockville, Md",39.075264000000004,-77.1378,MARYLAND,2025-10-31,20852,New Mexican,2.4,111,+1 301-279-5461,https://locations.chipotle.com/md/rockville/865-rockville-pike,https://locations.chipotle.com/md/rockville/865-rockville-pike,null,Yes,No,Yes,https://www.ubereats.com/store/chipotle-mexican-grill-865-rockville-pike-ste-b/rVMEX4wRSe-h92YxnzY0kQ,ubereats,16.310776434614652,false,DCA,null,2025-11-03T07:02:20.896Z,null,$,"new mexican, mexican, dining and drinking, fast food, healthy, mexican restaurant, restaurant",QSR,Chipotle Mexican Grill,null,null,865 Rockville Pike Ste B
2170127,Panera Bread,United States Of America,FAIRFAX,"Fairfax Blvd Fairfax, Va",38.856474500000004,-77.314585,VIRGINIA,2025-10-31,22030,Sandwiches,2.5,130,+1 703-934-1470,null,null,https://www.panerabread.com/en-us/menu-categories/freshly-baked-breads.html,Yes,No,Yes,https://www.yelp.com/biz/panera-bread-fairfax-2,yelp,14.937493954802115,false,DCA,null,2025-11-03T07:02:20.896Z,null,$,"sandwiches, salad, café, sandwich, pizza, sandwich spot, cafe, coffee, and tea house, family meals, dining and drinking, salad, chicken, bakery, american, restaurant, soup, breakfast and brunch",QSR,Panera Bread,null,null,Fairfax Blvd
539078,Bosphorus Bistro,United States Of America,BALTMORE,"5716 York Rd,, Md, Baltmore, 21212, United States",39.359795000000005,-76.61020500000001,MARYLAND,2025-10-31,21212,Mediterranean,3.2,1,+1 999-999-9999,http://bosphorusbistro.com/,http://bosphorusbistro.com/,https://masked.com/,No,No,Yes,https://www.opentable.com/r/bosphorus-bistro-baltmore,opentable,41.88643528316778,true,DCA,null,2025-11-03T07:02:20.896Z,null,$,"mediterranean, bar food",Fine Dining,Bosphorus Bistro,2022-02-04T00:00:00.000Z,null,5716 York Rd
692040,Glen Burnie Wings,United States Of America,GLEN BURNIE,"7509 Ritchie Hwy Glen Burnie, Md",39.161500000000004,-76.62108,MARYLAND,2025-10-31,21061,Italian,3.1,66,+1 410-766-2222,http://glenburniewingsandmore.com,http://glenburniewingsandmore.com,https://eat.9fold.me/index.html#/507,Yes,No,Yes,https://www.yelp.com/biz/glen-burnie-wings-glen-burnie,yelp,30.9568168854003,false,DCA,null,2025-11-03T07:02:20.896Z,null,$$,"italian, chicken wings, fast food, american, pizza",QSR,Glen Burnie Wings,null,null,7509 Ritchie Hwy
2204023,Marco's Gluten-Free Pasta Bar,United States Of America,BROAD RUN,Ashburn Shopping Plaza,39.04476,-77.47678,VIRGINIA,2025-10-31,20147,Italian,3.928571428571429,20,+1 571-454-8213,null,null,null,Yes,No,Yes,https://www.ubereats.com/store/marcos-gluten-free-pasta-bars/C1niUCiIUkeR0_FwtmYK4A,ubereats,27.12961879405515,false,DCA,null,2025-11-03T07:02:20.896Z,null,$$,"italian, pasta, vegetarian friendly, fast food, american",QSR,Marco's Gluten-Free Pasta Bar,null,null,Ashburn Shopping Plaza
2118973,California Tortilla,United States Of America,POTOMAC,"7727 Tuckerman Ln Potomac, Md",39.04029,-77.1559615,MARYLAND,2025-10-31,20854,Tacos,3.8,121,+1 301-765-3600,https://californiatortilla.com,https://californiatortilla.com,https://californiatortilla.com/menu/,Yes,No,Yes,https://www.yelp.com/biz/california-tortilla-potomac,yelp,14.460437974017095,false,DCA,null,2025-11-03T07:02:20.896Z,null,$,"tacos, mexican restaurant, mexican, southwestern, tex-mex restaurant, dining and drinking, burritos, tex-mex, fast food, american, restaurant, bowls, group friendly",QSR,California Tortilla,null,null,7727 Tuckerman Ln
1141008,Z-Burger,United States Of America,ARLINGTON,"509 23Rd St S Arlington, Va",38.85353,-77.05378,VIRGINIA,2025-10-31,22202,Burgers,3,29,+1 703-964-5440,http://www.zburger.com,http://www.zburger.com,http://www.zburger.com/menu,Yes,No,Yes,https://www.yelp.com/biz/z-burger-arlington-3,yelp,0.8729221770465353,false,DCA,null,2025-11-03T07:02:20.896Z,null,$,"burgers, fast food restaurant, burger joint, sandwich spot, dining and drinking, juice bars & smoothies, fast food, hot dogs, american, restaurant, comfort food",QSR,Z-Burger,null,null,509 23Rd St S
826575,Taco Bell,United States Of America,COLLEGE PARK,"8428 Baltimore Ave College Park, Md",38.994315,-76.932905,MARYLAND,2025-10-31,20740,Tacos,3.2,39,+1 301-982-7198,http://www.tacobell.com,http://www.tacobell.com,https://www.tacobell.com/food/specialties/power-menu-bowl,Yes,Yes,Yes,https://www.yelp.com/biz/taco-bell-college-park,yelp,11.319275017644658,false,DCA,null,2025-11-03T07:02:20.896Z,null,$,"tacos, fast food restaurant, mexican, dining and drinking, burritos, fast food, mexican restaurant, restaurant, breakfast and brunch",QSR,Taco Bell,null,null,8428 Baltimore Ave
562047,Silver Leaf Restaurant,United States Of America,ARLINGTON,"4610 Fairfax Dr Arlington, Va",38.88164,-77.1175,VIRGINIA,2025-10-31,22203,American,4,0,+1 999-999-9999,http://www.hiarlington.com/dine.html,http://www.hiarlington.com/dine.html,https://masked.com/,No,Yes,Yes,https://www.opentable.com/r/silver-leaf-restaurant-arlington,opentable,4.761486843717645,true,DCA,null,2025-11-03T07:02:20.896Z,null,$,"american, restaurant, dining and drinking",Fine Dining,Silver Leaf Restaurant,2022-02-01T00:00:00.000Z,null,4610 Fairfax Dr
2236748,GCDC Grilled Cheese Bar,United States Of America,"WASHINGTON, DC","1730 Pennsylvania Ave Nw Washington, Dc",38.8987,-77.04038249999999,DISTRICT OF COLUMBIA,2025-10-31,20006,American Fast Casual,3.7,0,+1 202-393-4232,https://www.grilledcheesedc.com,https://www.grilledcheesedc.com,http://eat.chownow.com,No,Yes,Yes,https://www.opentable.com/r/gcdc-washington,opentable,3.217736765494196,true,DCA,null,2025-11-03T07:02:20.896Z,null,$$,"american fast casual, burgers, sandwiches, bars, sandwich spot, dining and drinking, bar, comfort food, american, restaurant, group friendly, fast food restaurant",QSR,GCDC Grilled Cheese Bar,2021-12-17T00:00:00.000Z,null,1730 Pennsylvania Ave Nw
1066216,JULII,United States Of America,NORTH BETHESDA,"Grand Park Ave North Bethesda, Md",39.05117,-77.11746,MARYLAND,2025-10-31,20852,Café,4.8,0,+1 301-517-9090 ext. 0,http://www.julii.com,http://www.julii.com,https://www.julii.com/menu/,No,No,Yes,https://www.toasttab.com/local/order/julii/r-ad9a9824-a0b4-4f39-bc86-6be13027d365,toasttab,14.388452147960038,true,DCA,null,2025-11-03T07:02:20.896Z,null,$$$$,"café, breakfast & brunch, dining and drinking, french, french restaurant, mediterranean, restaurant",Fine Dining,JULII,null,null,Grand Park Ave
1732400,Jersey Mike's Subs,United States Of America,BRISTOW,"Bristow Station Dr Ste 105 Bristow, Va",38.7298,-77.547846,VIRGINIA,2025-10-31,20136,Burgers,2.9,20,+1 571-833-3343,https://www.jerseymikes.com/6083/bristow-va,https://www.jerseymikes.com/6083/bristow-va,https://www.jerseymikes.com/menu,Yes,No,Yes,https://www.yelp.com/biz/jersey-mikes-subs-bristow,yelp,28.803398391911674,false,DCA,null,2025-11-03T07:02:20.896Z,null,$,"burgers, sandwiches, sandwich, dining and drinking, delis, fast food, american, restaurant, fast food restaurant",QSR,Jersey Mike's Subs,null,null,Bristow Station Dr Ste 105
991494,Arby's,United States Of America,DULLES,"Overland Dr Dulles, Va",38.96433,-77.4954,VIRGINIA,2025-10-31,20166,Burgers,3,29,+1 703-661-8710,http://www.arbys.com,http://www.arbys.com,https://arbys.com/our-menu/featured,Yes,No,Yes,https://www.yelp.com/biz/arbys-dulles,yelp,25.854716621402154,false,DCA,null,2025-11-03T07:02:20.896Z,null,$,"burgers, sandwiches, sandwich, american restaurant, cheesesteak, desserts, dining and drinking, chicken, wraps, fast food, american, restaurant, fast food restaurant",QSR,Arby's,null,null,Overland Dr
1147017,Watertable,United States Of America,BALTIMORE,"202 E Pratt St Baltimore, Md",39.2871545,-76.61126,MARYLAND,2025-10-31,21202,Cocktail Bars,3.7,496,+1 410-685-8439,https://www.marriott.com/hotel-restaurants/bwish-renaissance-baltimore-harborplace-hotel/watertable/78602/home-page.mi,https://www.marriott.com/hotel-restaurants/bwish-renaissance-baltimore-harborplace-hotel/watertable/78602/home-page.mi,http://www.watertablerestaurant.com/menu.asp,No,No,Yes,https://www.opentable.com/r/watertable,opentable,37.76929580957381,true,DCA,null,2025-11-03T07:02:20.896Z,null,$$,"cocktail bars, steak, breakfast & brunch, american restaurant, contemporary, new american, dining and drinking, bar, seafood, new american restaurant, american, restaurant, contemporary american",Fine Dining,Watertable,2023-04-25T00:00:00.000Z,null,202 E Pratt St
1875182,Five Guys,United States Of America,ANNANDALE,"6546 Little River Tpke Annandale, Va",38.82271,-77.16099,VIRGINIA,2025-10-31,22312,Burgers,3.6,87,+1 703-914-4555,https://restaurants.fiveguys.com/6546-little-river-turnpike,https://restaurants.fiveguys.com/6546-little-river-turnpike,http://www.fiveguys.com/menu,Yes,No,Yes,https://www.yelp.com/biz/five-guys-annandale-2,yelp,6.9536045661716575,false,DCA,null,2025-11-03T07:02:20.896Z,null,$,"burgers, fast food restaurant, burger joint, sandwich, american restaurant, family meals, hot dog, dining and drinking, fast food, hot dogs, american, restaurant, snacks",QSR,Five Guys,null,null,6546 Little River Tpke
1677645,Letena Ethiopian Restaurant,United States Of America,"WASHINGTON, DC","3100 14Th St Nw Washington, Dc",38.930385,-77.03344849999999,DISTRICT OF COLUMBIA,2025-10-31,20010,Ethiopian,5,0,+1 202-733-4830,http://www.letenarestaurant.com,http://www.letenarestaurant.com,http://www.letenarestaurant.com/menu.html,No,No,Yes,https://www.opentable.com/r/letena-ethiopian-restaurant-washington,opentable,5.405002665165574,true,DCA,null,2025-11-03T07:02:20.896Z,null,$$,"ethiopian, ethiopian restaurant, health food, dining and drinking, african, restaurant, african restaurant",Fine Dining,Letena Ethiopian Restaurant,2023-03-19T00:00:00.000Z,null,3100 14Th St Nw
1728557,Charleys Cheesesteaks,United States Of America,SPRINGFIELD,"6500 Springfield Mall Springfield Town Center Springfield, Va",38.77453,-77.17434,VIRGINIA,2025-10-31,22150,Sandwiches,3,35,+1 703-719-0300,https://order.charleys.com/menu/springfield-town-center/,https://order.charleys.com/menu/springfield-town-center/,https://www.charleys.com/menu/,Yes,No,Yes,https://www.yelp.com/biz/charleys-cheesesteaks-springfield-3,yelp,9.110968273524099,false,DCA,null,2025-11-03T07:02:20.896Z,null,$,"sandwiches, sandwich, cheesesteak, fast food, comfort food, cheesesteaks",QSR,Charleys Cheesesteaks,null,null,6500 Springfield Mall Springfield Town Center
815449,Laos In Town,United States Of America,"WASHINGTON, DC","250 K St Ne Washington, Dc",38.902771,-77.002285,DISTRICT OF COLUMBIA,2025-10-31,20002,Asian Fusion,4.4,1061,+1 202-864-6687,https://www.laosintown.com,https://www.laosintown.com,https://docs.wixstatic.com/ugd/3d46c9_12572da786314c7da5f2a1ed66e2965c.pdf,Yes,No,Yes,https://www.yelp.com/biz/laos-in-town-washington-3,yelp,3.9829160622529223,false,DCA,null,2025-11-03T07:02:20.896Z,null,$$,"asian fusion, beer gardens, breakfast & brunch, laotian, asian restaurant, dining and drinking, asian, restaurant",Fine Dining,Laos In Town,null,null,250 K St Ne
1081899,Rosemary Bistro Cafe,United States Of America,"WASHINGTON, DC","5010 Connecticut Ave Nw Washington, Dc",38.95509,-77.070255,DISTRICT OF COLUMBIA,2025-10-31,20008,Sandwiches,4.8,595,+1 202-506-5961,https://rosemarydc.com,https://rosemarydc.com,http://rosemarydc.com,No,Yes,Yes,https://www.opentable.com/r/rosemary-bistro-cafe-washington-district-of-columbia,opentable,7.317813811458207,true,DCA,null,2025-11-03T07:02:20.896Z,null,$$,"sandwiches, bistro, contemporary, dining and drinking, french, asian, american, restaurant, salad, contemporary american",Fine Dining,Rosemary Bistro Cafe,2025-06-02T00:00:00.000Z,null,5010 Connecticut Ave Nw
1148702,Jekyll & Hyde Restaurant,United States Of America,FREDERICK,"906 N East Street,, Md, Frederick, 21701, United States",39.42525,-77.40339,MARYLAND,2025-10-31,21701,American,3.4,14,+1 999-999-9999,http://www.jekyllandhyderestaurant.com/,http://www.jekyllandhyderestaurant.com/,https://masked.com/,No,Yes,Yes,https://www.opentable.com/r/jekyll-and-hyde-restaurant,opentable,44.14953925179612,true,DCA,null,2025-11-03T07:02:20.896Z,null,$,"american, vegetarian, steak",Fine Dining,Jekyll & Hyde Restaurant,2022-02-04T00:00:00.000Z,null,906 N East Street
1046848,Wicked Sisters,United States Of America,BALTIMORE,"3845 Falls Rd Baltimore, Md",39.335015,-76.63598999999999,MARYLAND,2025-10-31,21211,Burgers,4.4,0,+1 999-999-9999,https://www.wickedsistershampden.com,https://www.wickedsistershampden.com,https://masked.com/,No,Yes,Yes,https://www.opentable.com/r/wicked-sisters-hampden,opentable,39.699596504583766,true,DCA,null,2025-11-03T07:02:20.896Z,null,$$,"burgers, sandwiches, american bar cuisine, american restaurant, dining and drinking, bar, american, restaurant",Fine Dining,Wicked Sisters,2022-02-02T00:00:00.000Z,null,3845 Falls Rd
2140291,Light House Bistro,United States Of America,ANNAPOLIS,"202 West St Annapolis, Md",38.977145,-76.5008755,MARYLAND,2025-10-31,21401,Breakfast & Brunch,4.7,0,+1 999-999-9999,https://www.lighthousebistro.org,https://www.lighthousebistro.org,https://masked.com/,No,Yes,Yes,https://www.opentable.com/r/the-light-house-bistro-annapolis,opentable,30.18888971251957,true,DCA,null,2025-11-03T07:02:20.896Z,null,$$,"breakfast & brunch, sandwich, american restaurant, desserts, dining and drinking, seafood, american, cafe, restaurant, breakfast and brunch",Fine Dining,Light House Bistro,2022-02-01T00:00:00.000Z,null,202 West St
1242483,Nora's Kabob & Catering Ellicott City,United States Of America,ELLICOTT CITY,"9338 Baltimore National Pike Ellicott City, Md",39.27803,-76.83352,MARYLAND,2025-10-31,21042,Persian,4.5,0,+1 999-999-9999,http://www.noraskabob.com,http://www.noraskabob.com,https://masked.com/,No,Yes,Yes,https://www.opentable.com/r/nora-kabob,opentable,31.36644859202096,true,DCA,null,2025-11-03T07:02:20.896Z,null,$$,"persian, restaurant, persian/iranian, vegetarian, dining and drinking, middle eastern, healthy, mediterranean, greek, mediterranean restaurant",Fine Dining,Nora's Kabob & Catering Ellicott City,2022-02-03T00:00:00.000Z,null,9338 Baltimore National Pike
2271411,Timbuktu,United States Of America,HANOVER,"1726 Dorsey Rd Hanover, Md",39.176386,-76.740149,MARYLAND,2025-10-31,21076,Karaoke Bar,4.4,1630,+1 410-796-0733,http://www.timbukturestaurant.com,http://www.timbukturestaurant.com,https://www.timbukturestaurant.com/menus/,No,Yes,Yes,https://www.opentable.com/r/timbuktu-hanover,opentable,27.510536658539806,true,DCA,null,2025-11-03T07:02:20.896Z,null,$$,"karaoke bar, steak, sandwiches, fish & seafood, seafood restaurant, american restaurant, deli, dining and drinking, bar, steakhouses, steakhouse, seafood, american, restaurant",Fine Dining,Timbuktu,2022-02-02T00:00:00.000Z,null,1726 Dorsey Rd
371843,Greene Growlers,United States Of America,GAITHERSBURG,"227 E Diamond Ave,, Md, Gaithersburg, 20877, United States",39.14199,-77.19361,MARYLAND,2025-10-31,20877,American,4,18,+1 999-999-9999,http://www.greenegrowlers.com/,http://www.greenegrowlers.com/,https://masked.com/,No,Yes,Yes,https://www.opentable.com/r/greene-growlers-gaithersburg,opentable,21.686850585738792,true,DCA,null,2025-11-03T07:02:20.896Z,null,$,"american, bar food, sandwich",Fine Dining,Greene Growlers,2022-02-03T00:00:00.000Z,null,227 E Diamond Ave
509292,Ezme,United States Of America,WASHINGTON,"2016 P Street, Nw,, Dc, Washington, 20036, United States",38.909585,-77.04575,DISTRICT OF COLUMBIA,2025-10-31,20036,Middle Eastern,4.2,737,+1 999-999-9999,http://ezmedc.com/,http://ezmedc.com/,https://masked.com/,No,Yes,Yes,https://www.opentable.com/r/ezme-washington,opentable,3.989022187869153,true,DCA,null,2025-11-03T07:02:20.896Z,null,$$,"middle eastern, exclusive to eats, turkish, mediterranean",Fine Dining,Ezme,2022-02-03T00:00:00.000Z,null,"2016 P Street, Nw"
643176,L'Enfant Bar & Grill,United States Of America,"WASHINGTON, DC","480 Lenfant Plz Sw Washington, Dc",38.88381,-77.02425500000001,DISTRICT OF COLUMBIA,2025-10-31,20260,Bars,4.2,10,+1 202-484-1000,http://www.lenfantbarandgrill.com,http://www.lenfantbarandgrill.com,http://places.singleplatform.com/lenfant-plaza-hotel/menu,No,Yes,Yes,https://www.opentable.com/r/lenfant-bar-and-grill-washington,opentable,2.304399583927283,true,DCA,null,2025-11-03T07:02:20.896Z,null,$$,"bars, american restaurant, contemporary, dining and drinking, bar, wine bar, american, restaurant",Fine Dining,L'Enfant Bar & Grill,2023-07-10T00:00:00.000Z,null,480 Lenfant Plz Sw
2067409,Central Michel Richard,United States Of America,"WASHINGTON, DC","1001 Pennsylvania Ave Nw Washington, Dc",38.895078999999996,-77.0265605,DISTRICT OF COLUMBIA,2025-10-31,20004,European,4.6,0,+1 202-626-0015,http://www.centralmichelrichard.com,http://www.centralmichelrichard.com,https://www.centralmichelrichard.com/menus,No,Yes,Yes,https://www.opentable.com/r/central-michel-richard-washington,opentable,3.0249439234095266,true,DCA,null,2025-11-03T07:02:20.896Z,null,$$,"european, contemporary french / american, american restaurant, contemporary, new american, dining and drinking, seafood, french, french restaurant, american, restaurant, modern european",Fine Dining,Central Michel Richard,2022-07-20T00:00:00.000Z,null,1001 Pennsylvania Ave Nw
509385,Lily and the Cactus,United States Of America,WASHINGTON,"1225 1St St Ne Inside The Hilton Garden Inn,, Dc, Washington, 20002, United States",38.906298,-77.00560899999999,DISTRICT OF COLUMBIA,2025-10-31,20002,Southwest,3.9,22,+1 999-999-9999,http://www.lilyandthecactus.com/,http://www.lilyandthecactus.com/,https://masked.com/,No,Yes,Yes,https://www.opentable.com/r/lily-and-the-cactus-washington,opentable,4.1195950076382815,true,DCA,null,2025-11-03T07:02:20.896Z,null,$,"southwest, american restaurant, dining and drinking, new american restaurant, american, restaurant, contemporary american",Fine Dining,Lily and the Cactus,2022-02-01T00:00:00.000Z,null,1225 1St St Ne Inside The Hilton Garden Inn
861465,James Joyce,United States Of America,BALTIMORE,"616 President St,, Md, Baltimore, 21202, United States",39.283676,-76.60221,MARYLAND,2025-10-31,21202,Burgers,4.5,0,+1 410-727-5107,http://www.jamesjoycebaltimore.com/,http://www.jamesjoycebaltimore.com/,https://jamesjoycebaltimore.com/wp-content/uploads/2022/09/jamesjoyce_dinner_092422.pdf,No,No,Yes,https://www.toasttab.com/local/order/atlas-restaurant-group-james-joyce/r-c1913210-25a6-45b3-9316-5483066f6f65,toasttab,37.87818774337786,true,DCA,null,2025-11-03T07:02:20.896Z,null,$,"burgers, sandwiches, bar food, irish, dining and drinking, bar, irish pub, american",Fine Dining,James Joyce,null,null,616 President St
793060,Himalayan Heritage Restaurant & Bar,United States Of America,"WASHINGTON, DC","2305 18Th St Nw Washington, Dc",38.91984,-77.04141,DISTRICT OF COLUMBIA,2025-10-31,20009,Nepali,4.3,164,+1 202-483-9300,http://himalayanheritagedc.com,http://himalayanheritagedc.com,http://dc.himalayanheritagedc.com/menu.html,No,No,Yes,https://www.opentable.com/himalayan-heritage-restaurant-and-bar,opentable,4.677016059792889,true,DCA,null,2025-11-03T07:02:20.896Z,null,$$,"nepali, himalayan restaurant, indian restaurant, himalayan/nepalese, indian, asian restaurant, dining and drinking, nepalese, himalayan, restaurant, soup, biryani, group friendly",Fine Dining,Himalayan Heritage Restaurant & Bar,2025-09-26T00:00:00.000Z,null,2305 18Th St Nw
1144551,Ricciuti's Restaurant,United States Of America,OLNEY,"3308 Olney Sandy Spring Rd,, Md, Olney, 20832, United States",39.152305,-77.06567,MARYLAND,2025-10-31,20832,Italian,4.2,1027,+1 999-999-9999,http://www.ricciutis.com/,http://www.ricciutis.com/,https://masked.com/,No,No,Yes,https://www.opentable.com/r/ricciutis-restaurant,opentable,20.763347310941633,true,DCA,null,2025-11-03T07:02:20.896Z,null,$,"italian, italian restaurant, american restaurant, dining and drinking, salads, comfort food, american, restaurant, pizza",Fine Dining,Ricciuti's Restaurant,2022-02-02T00:00:00.000Z,null,3308 Olney Sandy Spring Rd
2092080,Oohh's & Aahh's,United States Of America,"WASHINGTON, DC","5933 Georgia Ave Nw Washington, Dc",38.9623,-77.02735,DISTRICT OF COLUMBIA,2025-10-31,20011,Soul food,3.9,55,+1 999-999-9999,https://www.oohhsnaahhs.com,https://www.oohhsnaahhs.com,http://oohhsnaahhs.com/menu,No,Yes,Yes,https://www.opentable.com/r/oohhs-and-aahhs-washington,opentable,7.622116130180525,true,DCA,null,2025-11-03T07:02:20.896Z,null,$$,"soul food, southern food restaurant, chicken wings, dining and drinking, soul food, american, restaurant",Fine Dining,Oohh's & Aahh's,2023-01-06T00:00:00.000Z,null,5933 Georgia Ave Nw
1167950,Cafe Soleil,United States Of America,WASHINGTON,"839 Seventeenth Street Nw,, Dc, Washington, 20006, United States",38.901055,-77.03920500000001,DISTRICT OF COLUMBIA,2025-10-31,20006,American,3.9,896,+1 999-999-9999,http://www.cafesoleildc.com/,http://www.cafesoleildc.com/,https://masked.com/,No,Yes,Yes,https://www.opentable.com/r/cafe-soleil,opentable,3.377908395727955,true,DCA,null,2025-11-03T07:02:20.896Z,null,$,"american, seafood, salads, healthy",Fine Dining,Cafe Soleil,2022-02-01T00:00:00.000Z,null,839 Seventeenth Street Nw
860799,Sonoma Restaurant + Wine Bar,United States Of America,"WASHINGTON, DC","223 Pennsylvania Ave Se Washington, Dc",38.887015,-77.00263000000001,DISTRICT OF COLUMBIA,2025-10-31,20003,Italian,4,1553,+1 999-999-9999,http://www.sonomadc.com/,http://www.sonomadc.com/,http://www.sonomadc.com/#menus,No,Yes,Yes,https://www.opentable.com/r/sonoma-restaurant-and-wine-bar-washington,opentable,3.062216981691166,true,DCA,null,2025-11-03T07:02:20.896Z,null,$$,"italian, californian, american restaurant, wine bars, new american, dining and drinking, bar, wine bar, american, restaurant, contemporary american",Fine Dining,Sonoma Restaurant + Wine Bar,2022-02-02T00:00:00.000Z,null,223 Pennsylvania Ave Se
1152899,Le Mirch,United States Of America,WASHINGTON,"1736 Connecticut Ave Nw,, Dc, Washington, 20009, United States",38.91372,-77.04611,DISTRICT OF COLUMBIA,2025-10-31,20009,Indian,4.2,170,+1 999-999-9999,http://www.lemirch.com/,http://www.lemirch.com/,https://masked.com/,No,Yes,Yes,https://www.opentable.com/r/le-mirch,opentable,4.2746909128589055,true,DCA,null,2025-11-03T07:02:20.896Z,null,$$,"indian, global, international, asian",Fine Dining,Le Mirch,2022-02-03T00:00:00.000Z,null,1736 Connecticut Ave Nw
2119650,ilili DC,United States Of America,"WASHINGTON, DC","100 District Square Sw Washington, Dc",38.8799,-77.02561,DISTRICT OF COLUMBIA,2025-10-31,20024,Halal,4.4,0,+1 202-918-7766,https://www.ililirestaurants.com/location/ilili-dc/,https://www.ililirestaurants.com/location/ilili-dc/,https://www.ililirestaurants.com/ililis-menu-dc/,Yes,No,Yes,https://www.toasttab.com/local/order/ilili-dc-100-district-square-s-w/r-0081beab-b5e4-4621-ae28-6dd5fa0c8207,toasttab,2.0254585037298707,true,DCA,null,2025-11-03T07:02:20.896Z,null,$$$$,"halal, restaurant, lebanese, vegetarian, dining and drinking, middle eastern, lebanese restaurant, middle eastern restaurant, mediterranean, greek, mediterranean restaurant",Fine Dining,ilili DC,null,null,100 District Square Sw
